LINEUPS,TEAM,GP,MIN,OFFRTG,DEFRTG,NETRTG,AST%,AST/TO,AST RATIO,OREB%,DREB%,REB%,TO RATIO,EFG%,TS%,PACE,PIE,PLAYER1,PLAYER2,PLAYER3,PLAYER4,PLAYER5
J. Green - W. Barton - A. Gordon - N. Jokic - M. Morris,DEN,41,761,121.3,111.8,9.5,71.4,2.48,23.2,25.3,75.7,52.2,0.1,60,63,100.36,55.8,J. Green , W. Barton , A. Gordon , N. Jokic , M. Morris
C. Paul - J. Crowder - D. Booker - M. Bridges - D. Ayton,PHX,38,754,116.4,109,7.4,64.3,2.83,21,21.3,73.7,49,0.1,56.9,60,100.22,54.8,C. Paul , J. Crowder , D. Booker , M. Bridges , D. Ayton
M. Conley - B. Bogdanovic - R. Gobert - R. O'Neale - D. Mitchell,UTA,42,666,117.1,110.5,6.7,57.8,1.74,17.6,26.6,72.5,51,0.1,59,62.1,100.54,54.1,M. Conley , B. Bogdanovic , R. Gobert , R. O'Neale , D. Mitchell
A. Horford - M. Smart - J. Brown - J. Tatum - R. Williams III,BOS,34,443,118.8,94.2,24.6,63.3,2.18,20.7,26.4,76.4,54.2,0.1,59.7,61.6,99.08,64,A. Horford , M. Smart , J. Brown , J. Tatum , R. Williams III
P. Beverley - D. Russell - K. Towns - J. Vanderbilt - A. Edwards,MIN,36,439,120.2,107.4,12.8,58.6,1.93,18.5,33.3,70.6,51.9,0.1,56.9,59.4,99.52,53.8,P. Beverley , D. Russell , K. Towns , J. Vanderbilt , A. Edwards
A. Burks - E. Fournier - J. Randle - M. Robinson - R. Barrett,NYK,33,434,113.7,113.7,0,55.1,1.65,16.1,32.9,78.1,54.3,0.1,53.3,56.5,98.88,48.3,A. Burks , E. Fournier , J. Randle , M. Robinson , R. Barrett
K. Walker - E. Fournier - J. Randle - M. Robinson - R. Barrett,NYK,24,428,102.8,116.6,-13.8,55,1.47,15.5,26,74.9,49.2,0.1,50.3,52.5,97.2,41.1,K. Walker , E. Fournier , J. Randle , M. Robinson , R. Barrett
M. Bamba - W. Carter Jr. - C. Anthony - F. Wagner - J. Suggs,ORL,34,424,102,103.2,-1.1,58.6,1.42,16.7,28,75,53,0.2,50.5,53.5,100.55,51.3,M. Bamba , W. Carter Jr. , C. Anthony , F. Wagner , J. Suggs
K. Lowry - P. Tucker - J. Butler - B. Adebayo - D. Robinson,MIA,30,423,111.2,98.7,12.5,66.1,2.11,19.6,24.2,77,51.5,0.1,53.7,57.3,95.21,57.8,K. Lowry , P. Tucker , J. Butler , B. Adebayo , D. Robinson
G. Hayward - M. Plumlee - T. Rozier - M. Bridges - L. Ball,CHA,31,373,105.5,107.8,-2.3,66.8,2.27,19.8,23,75.5,47.9,0.1,52.8,54.3,104.16,48.2,G. Hayward , M. Plumlee , T. Rozier , M. Bridges , L. Ball
R. Bullock - D. Powell - D. Finney-Smith - J. Brunson - L. Doncic,DAL,40,367,125.9,111.8,14.1,56.4,2.09,18.8,23.4,73.3,50.3,0.1,63.1,65.8,94.48,56,R. Bullock , D. Powell , D. Finney-Smith , J. Brunson , L. Doncic
E. Gordon - C. Wood - K. Porter Jr. - J. Green - J. Tate,HOU,27,352,110.4,110.2,0.2,58.9,1.73,17.4,24.6,72.9,49,0.1,54.9,57.5,101.8,49.2,E. Gordon , C. Wood , K. Porter Jr. , J. Green , J. Tate
S. Curry - D. Green - A. Wiggins - K. Looney - J. Poole,GSW,29,347,112.2,104,8.2,72.9,1.73,21.3,28.3,76.9,53.8,0.2,57.5,59.6,102.97,54.5,S. Curry , D. Green , A. Wiggins , K. Looney , J. Poole
J. Valanciunas - B. Ingram - J. Hart - D. Graham - H. Jones,NOP,22,345,113.9,101.1,12.8,64.4,2.13,19.5,25.7,81,53.5,0.1,53.8,57.7,98.07,55.5,J. Valanciunas , B. Ingram , J. Hart , D. Graham , H. Jones
P. Siakam - F. VanVleet - O. Anunoby - G. Trent Jr. - S. Barnes,TOR,21,345,107.4,106.8,0.5,57.6,1.79,17,22.6,69.3,45.5,0.1,53,56.4,99.74,48.8,P. Siakam , F. VanVleet , O. Anunoby , G. Trent Jr. , S. Barnes
J. Holiday - K. Middleton - G. Antetokounmpo - B. Portis - G. Allen,MIL,36,337,115.6,108.7,6.9,64.8,2.53,20.3,23.4,82.4,53.9,0.1,57.9,60.7,104.39,55.9,J. Holiday , K. Middleton , G. Antetokounmpo , B. Portis , G. Allen
M. Plumlee - T. Rozier - M. Bridges - P. Washington - L. Ball,CHA,30,327,120.2,111,9.2,72.9,2.46,23.2,22.7,73.7,49.6,0.1,61.7,63.5,101.5,54.5,M. Plumlee , T. Rozier , M. Bridges , P. Washington , L. Ball
J. Harden - T. Harris - J. Embiid - M. Thybulle - T. Maxey,PHI,20,323,122.3,102.1,20.2,64.5,2.6,20.3,21.2,72.5,48.1,0.1,58.2,62.9,99.94,59.3,J. Harden , T. Harris , J. Embiid , M. Thybulle , T. Maxey
B. Beal - K. Caldwell-Pope - S. Dinwiddie - K. Kuzma - D. Gafford,WAS,26,319,101.1,106.5,-5.4,59.9,1.64,17.1,26.3,71.9,49.9,0.1,49.1,52.5,99.43,48.6,B. Beal , K. Caldwell-Pope , S. Dinwiddie , K. Kuzma , D. Gafford
D. McDermott - D. Murray - J. Poeltl - D. White - K. Johnson,SAS,25,308,112.9,107.5,5.4,71.5,3.35,21.6,26.8,72.8,48.5,0.1,52.4,54.7,103.26,52.7,D. McDermott , D. Murray , J. Poeltl , D. White , K. Johnson
D. Lillard - C. McCollum - R. Covington - J. Nurkic - N. Powell,POR,17,274,112.1,111.2,0.8,63.5,2.32,19.2,25.5,80.1,52,0.1,54.9,57.1,102.93,50.9,D. Lillard , C. McCollum , R. Covington , J. Nurkic , N. Powell
C. Joseph - J. Grant - S. Bey - I. Stewart - C. Cunningham,DET,19,273,114,109.3,4.7,57.4,1.81,17.4,31.8,70.9,51.1,0.1,53.2,57.1,98.47,51.7,C. Joseph , J. Grant , S. Bey , I. Stewart , C. Cunningham
J. Grant - K. Hayes - S. Bey - I. Stewart - C. Cunningham,DET,21,256,95.7,113.2,-17.6,61.5,1.31,15.8,31.8,72.2,50,0.2,45.3,48.6,100,37.2,J. Grant , K. Hayes , S. Bey , I. Stewart , C. Cunningham
T. Harris - S. Curry - J. Embiid - M. Thybulle - T. Maxey,PHI,21,256,105.1,115.7,-10.6,63.1,2.07,17.6,17,73.3,45.4,0.1,50,55.1,95.54,45.6,T. Harris , S. Curry , J. Embiid , M. Thybulle , T. Maxey
S. Gilgeous-Alexander - D. Bazley - L. Dort - J. Robinson-Earl - J. Giddey,OKC,25,254,94.3,112.4,-18.2,55.9,1.63,15.4,19.4,72.5,45.3,0.1,46.4,49.5,102.02,41.6,S. Gilgeous-Alexander , D. Bazley , L. Dort , J. Robinson-Earl , J. Giddey
D. DeRozan - N. Vucevic - Z. LaVine - J. Green - A. Dosunmu,CHI,23,252,114.9,119.7,-4.8,62.8,2.69,20.2,18.6,74.1,46.8,0.1,57,60.7,100.3,49.6,D. DeRozan , N. Vucevic , Z. LaVine , J. Green , A. Dosunmu
D. Green - T. Harris - S. Curry - J. Embiid - T. Maxey,PHI,17,250,111.2,103,8.2,54.8,2.07,16.8,21.2,78.7,50.2,0.1,53.4,57.3,97.27,53,D. Green , T. Harris , S. Curry , J. Embiid , T. Maxey
C. Capela - B. Bogdanovic - J. Collins - T. Young - D. Hunter,ATL,16,246,118,111.4,6.7,58.4,2.18,19.2,28.9,75.5,52.8,0.1,56.7,58.9,97.69,52.8,C. Capela , B. Bogdanovic , J. Collins , T. Young , D. Hunter
D. Gallinari - C. Capela - K. Huerter - T. Young - D. Hunter,ATL,23,232,119.4,116.6,2.8,57.4,2.82,18.6,24,75.6,48.6,0.1,56.8,59.7,100.4,49.4,D. Gallinari , C. Capela , K. Huerter , T. Young , D. Hunter
R. Gay - M. Conley - R. Gobert - J. Clarkson - J. Ingles,UTA,25,226,114.2,97.3,16.9,59.6,1.7,16.9,31.9,74.8,54.2,0.1,54.8,58.9,101.16,58.8,R. Gay , M. Conley , R. Gobert , J. Clarkson , J. Ingles
L. Markkanen - J. Allen - D. Garland - I. Okoro - E. Mobley,CLE,19,225,115.3,103.7,11.6,65.4,1.84,20.7,28.6,75.2,54.2,0.2,58.6,61.4,98.45,58.2,L. Markkanen , J. Allen , D. Garland , I. Okoro , E. Mobley
N. Batum - M. Morris Sr. - R. Jackson - I. Zubac - A. Coffey,LAC,18,221,106.4,119.9,-13.5,60,2.08,17.7,22.2,76.7,48.8,0.1,50.7,54.2,98.04,44.2,N. Batum , M. Morris Sr. , R. Jackson , I. Zubac , A. Coffey
H. Whiteside - B. Bogdanovic - J. Clarkson - R. O'Neale - D. Mitchell,UTA,45,220,116,105.9,10.1,48.7,1.55,15,33.2,73.6,53.9,0.1,54.9,58.8,102.72,53.6,H. Whiteside , B. Bogdanovic , J. Clarkson , R. O'Neale , D. Mitchell
S. Adams - J. Jackson Jr. - J. Morant - D. Bane - Z. Williams,MEM,22,208,119.3,115.1,4.2,54.5,1.91,17.3,36.8,72.8,54.1,0.1,53.9,56.3,99.72,50.8,S. Adams , J. Jackson Jr. , J. Morant , D. Bane , Z. Williams
K. Birch - P. Siakam - F. VanVleet - G. Trent Jr. - S. Barnes,TOR,18,188,109.9,115.6,-5.7,46.3,1.48,14,30.2,79.6,52.6,0.1,51,55,99.41,43.7,K. Birch , P. Siakam , F. VanVleet , G. Trent Jr. , S. Barnes
S. Adams - T. Jones - D. Brooks - J. Jackson Jr. - D. Bane,MEM,18,185,114.8,106.2,8.6,59.6,2.15,18,33.2,72.9,53.4,0.1,52.2,56.3,100.18,56.7,S. Adams , T. Jones , D. Brooks , J. Jackson Jr. , D. Bane
N. Batum - M. Morris Sr. - R. Jackson - I. Zubac - T. Mann,LAC,19,181,114.4,104,10.4,55,1.98,18,29.6,72.9,51.6,0.1,53.6,56.4,98.48,53.8,N. Batum , M. Morris Sr. , R. Jackson , I. Zubac , T. Mann
C. Capela - J. Collins - K. Huerter - T. Young - D. Hunter,ATL,15,178,114.7,112.4,2.2,61.7,2.06,20.1,29.1,77.2,53.4,0.1,57.2,58.8,104.42,50.9,C. Capela , J. Collins , K. Huerter , T. Young , D. Hunter
C. Wood - D. Theis - K. Porter Jr. - J. Green - J. Tate,HOU,13,172,82.4,108.5,-26.1,56.8,0.76,13.3,25.8,79,52,0.2,44.8,47.4,101.65,34.4,C. Wood , D. Theis , K. Porter Jr. , J. Green , J. Tate
K. Durant - B. Griffin - J. Harden - J. Harris - B. Brown,BKN,11,171,103,97.8,5.1,72.1,1.66,20,19.4,78.2,50.3,0.2,54.8,57.7,103.65,55.6,K. Durant , B. Griffin , J. Harden , J. Harris , B. Brown
S. Adams - J. Jackson Jr. - D. Melton - J. Morant - D. Bane,MEM,23,170,115.6,109.1,6.5,53.9,1.66,16.3,36.2,72.8,53.9,0.1,52.8,56.6,102.01,51.4,S. Adams , J. Jackson Jr. , D. Melton , J. Morant , D. Bane
W. Barton - A. Gordon - N. Jokic - M. Morris - M. Porter Jr.,DEN,9,170,104.7,93.6,11.1,61.5,1.5,19.6,21.9,80.5,53.3,0.2,57,58,101.84,57.3,W. Barton , A. Gordon , N. Jokic , M. Morris , M. Porter Jr.
N. Batum - P. George - E. Bledsoe - R. Jackson - I. Zubac,LAC,13,167,104.7,114.1,-9.3,60.4,1.56,17.7,18.8,76.5,47.6,0.2,53,56.6,102.61,47.7,N. Batum , P. George , E. Bledsoe , R. Jackson , I. Zubac
C. Capela - B. Bogdanovic - J. Collins - K. Huerter - T. Young,ATL,14,164,128.2,97.4,30.8,59,2.76,21,31.1,73.5,54.9,0.1,61.7,63.5,98.94,63,C. Capela , B. Bogdanovic , J. Collins , K. Huerter , T. Young
G. Harris - M. Bamba - W. Carter Jr. - C. Anthony - F. Wagner,ORL,22,163,114.9,109.2,5.8,66.7,2.04,20.6,27.3,75.8,51.8,0.1,57.4,60.1,98.89,52.3,G. Harris , M. Bamba , W. Carter Jr. , C. Anthony , F. Wagner
P. Tucker - J. Butler - B. Adebayo - D. Robinson - G. Vincent,MIA,20,163,110.8,102.8,8,75.8,1.96,21.2,28.3,81.4,54,0.2,53.8,56.6,96.22,54.1,P. Tucker , J. Butler , B. Adebayo , D. Robinson , G. Vincent
F. VanVleet - O. Anunoby - G. Trent Jr. - P. Achiuwa - S. Barnes,TOR,17,158,109,100.6,8.4,48.9,1.79,15.3,31.1,76.3,52.3,0.1,51.1,53.2,98.21,50.2,F. VanVleet , O. Anunoby , G. Trent Jr. , P. Achiuwa , S. Barnes
H. Diallo - K. Hayes - S. Bey - I. Stewart - C. Cunningham,DET,14,156,101.8,113,-11.2,57.3,1.56,17.3,19.6,73.2,46.9,0.1,51.6,54.5,101.39,44.5,H. Diallo , K. Hayes , S. Bey , I. Stewart , C. Cunningham
D. Russell - K. Towns - J. Vanderbilt - A. Edwards - J. McDaniels,MIN,19,155,108.1,112.6,-4.6,60.2,1.57,17.4,28.2,70.6,49.2,0.2,53.2,56.7,103.46,48.6,D. Russell , K. Towns , J. Vanderbilt , A. Edwards , J. McDaniels
J. Green - A. Rivers - A. Gordon - N. Jokic - M. Morris,DEN,10,153,123.1,104.5,18.6,67.6,2.41,21.3,26.9,74.6,53.8,0.1,58.6,63.3,97.79,62.9,J. Green , A. Rivers , A. Gordon , N. Jokic , M. Morris
D. DeRozan - N. Vucevic - Z. LaVine - L. Ball - J. Green,CHI,13,152,109.7,106.2,3.5,65.7,2.05,20,19.9,79.1,49.7,0.1,55.7,57.9,101.6,50.2,D. DeRozan , N. Vucevic , Z. LaVine , L. Ball , J. Green
D. McDermott - D. Murray - J. Poeltl - K. Johnson - D. Vassell,SAS,17,152,113.5,114.5,-1,70,3,22.2,21.8,73.8,48.1,0.1,55.1,58.1,105.34,51.9,D. McDermott , D. Murray , J. Poeltl , K. Johnson , D. Vassell
P. Siakam - F. VanVleet - G. Trent Jr. - P. Achiuwa - S. Barnes,TOR,15,152,114.7,101.3,13.4,52.3,1.86,15.6,35.2,75.6,56,0.1,52.3,56,96.44,56.9,P. Siakam , F. VanVleet , G. Trent Jr. , P. Achiuwa , S. Barnes
C. Capela - T. Luwawu-Cabarrot - J. Collins - K. Huerter - T. Young,ATL,10,151,118.2,110.9,7.3,60.9,2,18.2,36,80.1,57.8,0.1,54.4,57.7,100.52,52.9,C. Capela , T. Luwawu-Cabarrot , J. Collins , K. Huerter , T. Young
M. Turner - D. Sabonis - C. LeVert - M. Brogdon - C. Duarte,IND,11,148,122.6,108,14.6,66.4,2.12,21.5,27.9,73.7,52.7,0.1,58.2,62.6,96.84,57.9,M. Turner , D. Sabonis , C. LeVert , M. Brogdon , C. Duarte
M. Plumlee - T. Rozier - M. Bridges - C. Martin - L. Ball,CHA,29,147,121.5,110.2,11.4,71.7,2.36,22.3,31.1,73.2,52.4,0.1,60.6,62.8,98.98,55.5,M. Plumlee , T. Rozier , M. Bridges , C. Martin , L. Ball
D. Powell - D. Finney-Smith - M. Kleber - J. Brunson - L. Doncic,DAL,20,142,105.3,117.7,-12.4,60,1.43,17.3,25.6,71.5,48.3,0.2,53.6,57,94.54,45.9,D. Powell , D. Finney-Smith , M. Kleber , J. Brunson , L. Doncic
J. Valanciunas - C. McCollum - B. Ingram - J. Hayes - H. Jones,NOP,12,142,122.6,114.3,8.2,57.1,1.95,19,34.6,71.6,53.6,0.1,58.2,61.8,101.08,55.1,J. Valanciunas , C. McCollum , B. Ingram , J. Hayes , H. Jones
J. Crowder - D. Booker - C. Payne - M. Bridges - D. Ayton,PHX,19,138,122.1,109.2,13,65.5,2.58,22,24.8,70.3,48.8,0.1,59.4,62.3,104.77,54.8,J. Crowder , D. Booker , C. Payne , M. Bridges , D. Ayton
G. Temple - J. Valanciunas - J. Hart - D. Graham - N. Alexander-Walker,NOP,20,135,100,109.4,-9.4,71.2,1.45,18.9,26.7,67.9,48,0.2,53.2,56,99.42,45.5,G. Temple , J. Valanciunas , J. Hart , D. Graham , N. Alexander-Walker
K. Durant - K. Irving - A. Drummond - S. Curry - B. Brown,BKN,9,135,118.9,117.4,1.4,56.6,2.09,18.2,32.9,68.8,50.5,0.1,54.8,57.3,100.17,50,K. Durant , K. Irving , A. Drummond , S. Curry , B. Brown
C. Capela - B. Bogdanovic - K. Huerter - T. Young - D. Hunter,ATL,22,133,116.4,104.7,11.7,56.8,2.23,17.5,21.2,72.2,47.8,0.1,58.4,61.7,105.71,52.4,C. Capela , B. Bogdanovic , K. Huerter , T. Young , D. Hunter
C. McCollum - R. Covington - J. Nurkic - N. Powell - A. Simons,POR,10,131,100.7,116.5,-15.7,47,1.42,13.3,24,77.3,49.3,0.1,49.6,52.5,98.61,40.3,C. McCollum , R. Covington , J. Nurkic , N. Powell , A. Simons
C. Wood - K. Porter Jr. - G. Mathews - J. Green - J. Tate,HOU,17,129,106.5,111.4,-4.9,62.3,1.22,17.6,26.8,68.3,47.8,0.2,56.3,58.9,103.48,46.2,C. Wood , K. Porter Jr. , G. Mathews , J. Green , J. Tate
C. Paul - J. McGee - J. Crowder - D. Booker - M. Bridges,PHX,18,127,112.2,93.2,19,63.5,2.58,21.3,20.7,74.1,50,0.1,57,58.6,103.75,62.9,C. Paul , J. McGee , J. Crowder , D. Booker , M. Bridges
S. Gilgeous-Alexander - L. Dort - J. Robinson-Earl - J. Giddey - A. Wiggins,OKC,12,126,112.3,121.5,-9.2,60.7,1.89,18.4,26,71.1,47.6,0.1,54.5,57.7,102.63,44.5,S. Gilgeous-Alexander , L. Dort , J. Robinson-Earl , J. Giddey , A. Wiggins
A. Rivers - W. Barton - A. Gordon - N. Jokic - M. Morris,DEN,18,125,117.6,102.7,14.9,61.3,2.62,18.8,25.6,80.3,52.6,0.1,55.6,59.7,99.29,56.7,A. Rivers , W. Barton , A. Gordon , N. Jokic , M. Morris
H. Whiteside - B. Bogdanovic - J. Ingles - R. O'Neale - D. Mitchell,UTA,24,125,109.5,110.6,-1.2,55.6,1.36,16.7,29.4,67.5,48.8,0.2,55.4,59.3,100.96,50.1,H. Whiteside , B. Bogdanovic , J. Ingles , R. O'Neale , D. Mitchell
B. Beal - K. Caldwell-Pope - S. Dinwiddie - M. Harrell - K. Kuzma,WAS,20,121,103,109.4,-6.4,66,1.55,17,28.1,75,50.4,0.1,52.6,57,104.12,48.3,B. Beal , K. Caldwell-Pope , S. Dinwiddie , M. Harrell , K. Kuzma
C. Joseph - H. Diallo - S. Bey - I. Stewart - C. Cunningham,DET,11,121,96.4,120.5,-24.1,68.5,1.97,17.7,27.7,67.5,45.3,0.1,44.5,47.7,100.07,34.4,C. Joseph , H. Diallo , S. Bey , I. Stewart , C. Cunningham
T. Satoransky - K. Caldwell-Pope - K. Porzingis - R. Hachimura - C. Kispert,WAS,11,121,116.9,109.6,7.4,80.6,3.22,24.6,11.5,76.6,47.4,0.1,60.8,63.8,100.54,56.9,T. Satoransky , K. Caldwell-Pope , K. Porzingis , R. Hachimura , C. Kispert
S. Adams - K. Anderson - D. Melton - J. Morant - Z. Williams,MEM,24,120,112.6,91,21.6,60.3,1.7,18.2,37.4,80,59.2,0.2,55.6,57.5,111.82,61.9,S. Adams , K. Anderson , D. Melton , J. Morant , Z. Williams
M. Conley - R. Gobert - J. Clarkson - J. Ingles - E. Paschall,UTA,14,119,111.5,94.7,16.8,62.6,1.59,18.1,33.6,78.7,57.2,0.2,57.6,59.4,98.72,57.8,M. Conley , R. Gobert , J. Clarkson , J. Ingles , E. Paschall
L. Williams - D. Gallinari - B. Bogdanovic - D. Wright - O. Okongwu,ATL,13,118,119.5,97.2,22.3,62.3,3.47,20.2,21,65.3,47.1,0.1,58.1,61.6,99.2,65.4,L. Williams , D. Gallinari , B. Bogdanovic , D. Wright , O. Okongwu
H. Barnes - J. Holiday - T. Lyles - D. Jones - D. Mitchell,SAC,11,117,99.2,124.5,-25.3,63.4,2.27,18.6,14.5,68.7,41.4,0.1,51,53.6,98.71,40.5,H. Barnes , J. Holiday , T. Lyles , D. Jones , D. Mitchell
C. Paul - J. Crowder - M. Bridges - L. Shamet - D. Ayton,PHX,18,116,107.2,99.6,7.6,71.4,2.41,21,13.2,75.4,46,0.1,55,59.4,102.34,57.5,C. Paul , J. Crowder , M. Bridges , L. Shamet , D. Ayton
P. Tucker - J. Butler - B. Adebayo - D. Robinson - T. Herro,MIA,28,114,107.4,100.4,7,58.1,1.67,16.7,21.2,68.4,46.2,0.1,51.9,57.6,97.88,52.9,P. Tucker , J. Butler , B. Adebayo , D. Robinson , T. Herro
T. Jones - J. Jackson Jr. - B. Clarke - J. Konchar - D. Bane,MEM,21,113,101.2,111.2,-10,63.2,1.96,16.5,25.4,67.2,45.6,0.1,46.7,51.3,103.43,46.9,T. Jones , J. Jackson Jr. , B. Clarke , J. Konchar , D. Bane
D. Cousins - A. Rivers - J. Green - B. Forbes - B. Hyland,DEN,11,112,121.9,109.1,12.8,64.3,1.85,18.9,34.5,72.3,54.1,0.1,59.8,63,99.31,53.3,D. Cousins , A. Rivers , J. Green , B. Forbes , B. Hyland
K. Porter Jr. - G. Mathews - J. Green - J. Tate - A. Sengun,HOU,9,112,116.4,124.5,-8.1,56.1,2.12,17.3,25.4,68.5,45.7,0.1,53.9,57,100.86,43.5,K. Porter Jr. , G. Mathews , J. Green , J. Tate , A. Sengun
M. Smart - J. Brown - J. Tatum - R. Williams III - G. Williams,BOS,22,109,126.8,95.8,31,56.1,1.94,19.4,30.7,75,55.1,0.1,63,65.4,104.66,64.2,M. Smart , J. Brown , J. Tatum , R. Williams III , G. Williams
S. Adams - D. Brooks - J. Jackson Jr. - J. Morant - D. Bane,MEM,11,109,119.7,94.8,24.9,58.9,2.1,19.2,28.7,78.5,55,0.1,56.6,60.2,102.09,63.5,S. Adams , D. Brooks , J. Jackson Jr. , J. Morant , D. Bane
D. McDermott - D. Murray - D. White - D. Eubanks - K. Johnson,SAS,12,108,98.2,109.6,-11.3,71.3,2,20.3,17.4,79.2,50.4,0.1,50.8,53.3,101.35,49.3,D. McDermott , D. Murray , D. White , D. Eubanks , K. Johnson
J. Allen - D. Garland - D. Wade - I. Okoro - E. Mobley,CLE,9,108,121,98.6,22.4,54.6,1.51,18.2,26.9,77.1,55,0.2,62,64,96.07,60.2,J. Allen , D. Garland , D. Wade , I. Okoro , E. Mobley
H. Barnes - M. Harkless - R. Holmes - D. Fox - T. Haliburton,SAC,10,106,113.5,109.6,3.9,58.8,1.97,19.1,19.8,74.2,49.3,0.1,56.2,59.3,101.64,50.8,H. Barnes , M. Harkless , R. Holmes , D. Fox , T. Haliburton
D. DeRozan - N. Vucevic - Z. LaVine - C. White - J. Green,CHI,11,105,119.5,112.1,7.3,64.3,2.1,20.7,23.7,63.7,47.4,0.1,61.3,64.4,101.12,54.4,D. DeRozan , N. Vucevic , Z. LaVine , C. White , J. Green
D. Favors - S. Gilgeous-Alexander - D. Bazley - L. Dort - J. Giddey,OKC,11,105,95.8,117.2,-21.4,67.1,1.66,17.8,25.4,71.7,48.5,0.1,47.1,50,98.39,40.8,D. Favors , S. Gilgeous-Alexander , D. Bazley , L. Dort , J. Giddey
D. Russell - K. Towns - M. Beasley - A. Edwards - J. McDaniels,MIN,23,104,113.2,101.4,11.9,56.5,1.63,16.9,27.6,77.6,51.7,0.1,55.6,59.8,103.48,55,D. Russell , K. Towns , M. Beasley , A. Edwards , J. McDaniels
P. Siakam - F. VanVleet - C. Boucher - G. Trent Jr. - S. Barnes,TOR,11,104,122.9,99.5,23.3,62.1,2.68,19.8,30,69,50.9,0.1,56.7,60.3,97.74,61.5,P. Siakam , F. VanVleet , C. Boucher , G. Trent Jr. , S. Barnes
A. Horford - D. Schroder - M. Smart - J. Tatum - R. Williams III,BOS,12,103,94.2,111.3,-17,50,1.41,13.8,27,75,48.8,0.1,46,48.4,95.96,40.2,A. Horford , D. Schroder , M. Smart , J. Tatum , R. Williams III
D. Russell - K. Towns - M. Beasley - J. Vanderbilt - A. Edwards,MIN,18,103,135.2,121,14.2,64.5,2.88,22.1,25.8,75.3,50,0.1,66.1,68.7,101.66,53.1,D. Russell , K. Towns , M. Beasley , J. Vanderbilt , A. Edwards
T. Hardaway Jr. - D. Powell - K. Porzingis - D. Finney-Smith - L. Doncic,DAL,11,103,95.8,113,-17.1,63.6,1.96,16.7,24,83.9,49,0.1,45.6,48.7,100.63,41.6,T. Hardaway Jr. , D. Powell , K. Porzingis , D. Finney-Smith , L. Doncic
D. Dedmon - C. Martin - G. Vincent - M. Strus - T. Herro,MIA,17,102,109.5,102.9,6.5,53.6,1.41,16.8,25.9,60.2,45.8,0.2,60.1,62.1,96,52.4,D. Dedmon , C. Martin , G. Vincent , M. Strus , T. Herro
R. Bullock - D. Finney-Smith - M. Kleber - J. Brunson - L. Doncic,DAL,19,101,105.8,103.4,2.4,51.3,1.58,14.2,35.7,68.4,52,0.1,49.2,53,97.88,51.4,R. Bullock , D. Finney-Smith , M. Kleber , J. Brunson , L. Doncic
M. Bamba - W. Carter Jr. - C. Anthony - R. Hampton - F. Wagner,ORL,11,100,106.7,112.6,-6,63,1.76,18,24.2,77.4,51.7,0.1,53.1,56.5,101.28,47.3,M. Bamba , W. Carter Jr. , C. Anthony , R. Hampton , F. Wagner
J. Valanciunas - C. McCollum - D. Graham - J. Hayes - H. Jones,NOP,9,98,128.5,101.5,27,63.2,3,20.4,35.1,82.8,59.2,0.1,57.1,60.8,98.24,60.4,J. Valanciunas , C. McCollum , D. Graham , J. Hayes , H. Jones
E. Gordon - C. Wood - A. Brooks - G. Mathews - J. Tate,HOU,9,97,111.4,113.3,-2,65.9,2.24,19,24.5,71.6,47.2,0.1,52.9,55.6,104.01,49.7,E. Gordon , C. Wood , A. Brooks , G. Mathews , J. Tate
M. Plumlee - K. Oubre Jr. - T. Rozier - M. Bridges - L. Ball,CHA,18,97,105.6,113.8,-8.2,67.5,2,18.8,26.1,68,46,0.1,50.8,54.1,106.89,45.5,M. Plumlee , K. Oubre Jr. , T. Rozier , M. Bridges , L. Ball
P. Beverley - K. Towns - M. Beasley - J. Vanderbilt - A. Edwards,MIN,26,97,109.6,116.3,-6.7,56.3,1.02,15.3,32.3,73.8,51.4,0.2,56.1,60.4,109,43.8,P. Beverley , K. Towns , M. Beasley , J. Vanderbilt , A. Edwards
K. Lowry - P. Tucker - D. Dedmon - D. Robinson - T. Herro,MIA,18,96,114.7,109.7,5,70.1,1.93,19.4,29,74.2,50.8,0.1,56.6,59.2,98.13,51.2,K. Lowry , P. Tucker , D. Dedmon , D. Robinson , T. Herro
D. DeRozan - N. Vucevic - Z. LaVine - A. Caruso - L. Ball,CHI,16,95,108.6,96,12.5,53.9,1.41,15.2,23.9,77.6,52.8,0.1,52.4,58.6,103.75,59.4,D. DeRozan , N. Vucevic , Z. LaVine , A. Caruso , L. Ball
J. Valanciunas - B. Ingram - D. Graham - N. Alexander-Walker - H. Jones,NOP,15,95,106.3,98.6,7.7,53.9,1.45,16.9,28.4,71.4,50.2,0.2,53.2,55.1,104.55,54.3,J. Valanciunas , B. Ingram , D. Graham , N. Alexander-Walker , H. Jones
T. Hardaway Jr. - D. Powell - D. Finney-Smith - J. Brunson - L. Doncic,DAL,19,95,119.6,107.3,12.3,47.7,1.52,15.4,27.3,77.3,52.3,0.1,57.4,61.9,103.45,53.1,T. Hardaway Jr. , D. Powell , D. Finney-Smith , J. Brunson , L. Doncic
C. Capela - T. Luwawu-Cabarrot - K. Huerter - T. Young - D. Hunter,ATL,7,94,117.1,119.2,-2.1,65.9,2.8,19.4,27.4,76,51,0.1,54.1,58.3,104,51.3,C. Capela , T. Luwawu-Cabarrot , K. Huerter , T. Young , D. Hunter
L. Aldridge - K. Durant - J. Harden - P. Mills - D. Bembry,BKN,14,94,117.2,108.8,8.3,67.7,2.91,24.1,16.7,74.7,49.2,0.1,61.6,62.8,102.66,54.5,L. Aldridge , K. Durant , J. Harden , P. Mills , D. Bembry
L. Markkanen - J. Allen - D. Garland - L. Stevens - E. Mobley,CLE,9,93,109,93.4,15.6,58.4,2.05,18.2,27,63.6,48.6,0.1,53.4,55.6,92.67,65.8,L. Markkanen , J. Allen , D. Garland , L. Stevens , E. Mobley
T. Rozier - M. Bridges - C. Martin - P. Washington - L. Ball,CHA,20,93,118.1,114,4.1,63.6,2.95,20.1,27.2,66.7,46.7,0.1,58,60.7,102.75,53.7,T. Rozier , M. Bridges , C. Martin , P. Washington , L. Ball
D. DeRozan - N. Vucevic - Z. LaVine - A. Caruso - A. Dosunmu,CHI,10,92,105.4,127.4,-22,58.7,2.2,18.2,13.6,72.8,42,0.1,53.8,57.1,96.6,40.7,D. DeRozan , N. Vucevic , Z. LaVine , A. Caruso , A. Dosunmu
J. Holiday - M. Turner - D. Sabonis - C. LeVert - M. Brogdon,IND,10,91,114,103.7,10.3,57.5,2.88,17.7,26.7,80,51.3,0.1,52.2,54.5,99.38,50.9,J. Holiday , M. Turner , D. Sabonis , C. LeVert , M. Brogdon
C. Joseph - J. Grant - M. Bagley III - S. Bey - C. Cunningham,DET,7,90,94.5,104.9,-10.4,66.7,1.42,17.8,22.5,75.3,50,0.2,48.7,52.2,97.41,44,C. Joseph , J. Grant , M. Bagley III , S. Bey , C. Cunningham
K. Porzingis - D. Finney-Smith - M. Kleber - J. Brunson - L. Doncic,DAL,9,90,111.8,106.1,5.8,64.9,2.29,19,20.7,80.4,51.3,0.1,53.4,57.9,97.76,54,K. Porzingis , D. Finney-Smith , M. Kleber , J. Brunson , L. Doncic
D. Murray - J. Poeltl - D. White - K. Johnson - D. Vassell,SAS,21,89,107.9,107.2,0.6,58.1,2.08,18.1,35,70.2,52.1,0.1,53.6,54.3,104.2,49.6,D. Murray , J. Poeltl , D. White , K. Johnson , D. Vassell
D. Rose - T. Gibson - A. Burks - O. Toppin - I. Quickley,NYK,10,89,112.2,84.2,28,52.6,1.48,15.6,38.3,67.3,54.1,0.1,52.7,56,97.87,62.7,D. Rose , T. Gibson , A. Burks , O. Toppin , I. Quickley
K. Walker - E. Fournier - N. Noel - J. Randle - R. Barrett,NYK,10,89,107.4,105.2,2.2,56,1.45,16.7,22.5,69.3,47.4,0.2,54.4,57.2,103.03,50.8,K. Walker , E. Fournier , N. Noel , J. Randle , R. Barrett
L. James - R. Westbrook - A. Bradley - S. Johnson - M. Monk,LAL,12,89,122.9,113.5,9.4,59.1,1.93,19.4,27.9,71.9,51.1,0.1,60.2,63.5,103.78,53.5,L. James , R. Westbrook , A. Bradley , S. Johnson , M. Monk
A. Horford - D. Schroder - M. Smart - J. Tatum - G. Williams,BOS,13,88,121.4,103.8,17.5,67.1,2.85,21.7,28.8,72.5,52,0.1,60.7,63.9,100.24,62,A. Horford , D. Schroder , M. Smart , J. Tatum , G. Williams
M. Conley - B. Bogdanovic - R. Gobert - J. Ingles - R. O'Neale,UTA,7,88,104.5,103.4,1.1,68.7,1.92,18.3,32.6,75.3,54.1,0.1,48.7,53.1,96.25,52.6,M. Conley , B. Bogdanovic , R. Gobert , J. Ingles , R. O'Neale
C. Paul - B. Biyombo - D. Booker - M. Bridges - C. Johnson,PHX,10,87,116.3,118,-1.7,61.3,3.27,18.8,31.5,80.5,55.7,0.1,55.2,57.7,99.6,52.9,C. Paul , B. Biyombo , D. Booker , M. Bridges , C. Johnson
C. LeVert - L. Markkanen - D. Garland - I. Okoro - E. Mobley,CLE,10,86,125.6,112.1,13.4,60,2.37,18.4,35,69.9,52.8,0.1,59.2,61.8,95.89,55.8,C. LeVert , L. Markkanen , D. Garland , I. Okoro , E. Mobley
N. Batum - P. George - M. Morris Sr. - R. Jackson - I. Zubac,LAC,6,86,111.8,105.7,6.1,57.1,2.1,18.3,22.6,72.7,49.7,0.1,55.3,57.8,98.41,53,N. Batum , P. George , M. Morris Sr. , R. Jackson , I. Zubac
S. Curry - O. Porter Jr. - A. Wiggins - K. Looney - J. Poole,GSW,11,86,123.4,100,23.4,66.7,2.89,20.6,34.1,73.7,54.6,0.1,57.1,59.4,95.67,61.1,S. Curry , O. Porter Jr. , A. Wiggins , K. Looney , J. Poole
C. Joseph - J. Grant - H. Diallo - S. Bey - I. Stewart,DET,8,85,102.4,107.6,-5.2,63.9,3.25,16.5,31.2,77.3,51.8,0.1,42.7,46.5,94.95,43.3,C. Joseph , J. Grant , H. Diallo , S. Bey , I. Stewart
D. Murray - J. Poeltl - K. Johnson - D. Vassell - J. Primo,SAS,12,85,105.6,111.7,-6.1,66.2,2.45,19.4,27,69.4,46.5,0.1,49.4,51.3,100.99,46.1,D. Murray , J. Poeltl , K. Johnson , D. Vassell , J. Primo
M. Bamba - C. Okeke - C. Anthony - R. Hampton - F. Wagner,ORL,7,85,104.4,115.1,-10.7,58.7,1.83,17.3,28.1,74.7,50.8,0.1,51.8,53.7,102.31,45.1,M. Bamba , C. Okeke , C. Anthony , R. Hampton , F. Wagner
S. Adams - K. Anderson - T. Jones - D. Brooks - D. Melton,MEM,14,85,124.6,104.4,20.2,55.7,3.06,19,30,73,49.4,0.1,59.5,60.5,103.64,57.2,S. Adams , K. Anderson , T. Jones , D. Brooks , D. Melton
T. Harris - J. Embiid - F. Korkmaz - M. Thybulle - T. Maxey,PHI,10,85,108.3,104.2,4.1,59.4,2.53,16.4,28.9,72.4,48.8,0.1,48.3,53.8,95.01,53.6,T. Harris , J. Embiid , F. Korkmaz , M. Thybulle , T. Maxey
G. Hayward - T. Rozier - M. Bridges - P. Washington - L. Ball,CHA,14,84,100.5,118.2,-17.7,73.9,1.76,19.5,21.7,73.2,46,0.2,53.4,56,108.09,41.7,G. Hayward , T. Rozier , M. Bridges , P. Washington , L. Ball
H. Barnes - J. Holiday - T. Lyles - D. Sabonis - D. Fox,SAC,8,84,117.9,120.2,-2.3,64.6,1.83,20,27.2,82.5,54.7,0.2,59.1,62.6,107.97,51.3,H. Barnes , J. Holiday , T. Lyles , D. Sabonis , D. Fox
B. Bogdanovic - R. Gobert - J. Clarkson - R. O'Neale - D. Mitchell,UTA,30,83,106.6,104.5,2.1,58.2,1.7,15.4,33.7,76.1,53.8,0.1,50.6,53.8,104.79,50.8,B. Bogdanovic , R. Gobert , J. Clarkson , R. O'Neale , D. Mitchell
C. Wood - K. Porter Jr. - G. Mathews - J. Green - K. Martin Jr.,HOU,17,82,110.2,121.2,-11,76.1,1.96,21.1,20,62.7,42.4,0.1,58.1,60.6,105.97,44.3,C. Wood , K. Porter Jr. , G. Mathews , J. Green , K. Martin Jr.
G. Hayward - M. Plumlee - K. Oubre Jr. - M. Bridges - L. Ball,CHA,10,82,98.9,102.2,-3.4,65,1.63,16.1,26.3,67.7,46.7,0.1,47.1,50.6,104.35,47.4,G. Hayward , M. Plumlee , K. Oubre Jr. , M. Bridges , L. Ball
S. Curry - K. Thompson - O. Porter Jr. - A. Wiggins - K. Looney,GSW,10,81,111.2,102.3,9,55.7,1.5,16.3,25.3,69.3,47.4,0.1,55.3,58.5,104.8,53.4,S. Curry , K. Thompson , O. Porter Jr. , A. Wiggins , K. Looney
J. Green - W. Barton - A. Gordon - N. Jokic - B. Hyland,DEN,7,80,107.5,103.5,4,68.7,1.53,19.3,23.8,73.3,50,0.2,54.5,57.9,103,52,J. Green , W. Barton , A. Gordon , N. Jokic , B. Hyland
J. Holiday - M. Turner - D. Sabonis - M. Brogdon - C. Duarte,IND,10,80,90.8,100,-9.2,55.7,1.17,14.5,27.7,80,53.3,0.2,45.4,48.2,103.58,46,J. Holiday , M. Turner , D. Sabonis , M. Brogdon , C. Duarte
K. Walker - E. Fournier - J. Randle - M. Robinson - Q. Grimes,NYK,7,80,123.2,105.4,17.9,61.6,1.88,19,28.9,77,53.5,0.1,61.3,63.1,100.85,57.1,K. Walker , E. Fournier , J. Randle , M. Robinson , Q. Grimes
T. Gibson - K. Walker - E. Fournier - J. Randle - R. Barrett,NYK,16,80,114,120.9,-6.9,63.4,2.5,19.2,22.9,68.2,45.8,0.1,58.9,60.7,102.97,46.4,T. Gibson , K. Walker , E. Fournier , J. Randle , R. Barrett
D. Murray - J. Poeltl - D. White - L. Walker IV - K. Johnson,SAS,17,79,111.8,113,-1.3,65.3,2.33,20.6,25.6,71.1,48.1,0.1,57.8,59.3,103.07,51.4,D. Murray , J. Poeltl , D. White , L. Walker IV , K. Johnson
G. Harris - W. Carter Jr. - C. Okeke - C. Anthony - F. Wagner,ORL,23,79,105.1,107.3,-2.1,64.7,1.83,18.6,19.8,80.5,51.2,0.1,53.7,57.6,108.04,49.4,G. Harris , W. Carter Jr. , C. Okeke , C. Anthony , F. Wagner
B. Hield - M. Brogdon - O. Brissett - T. Haliburton - I. Jackson,IND,7,78,105.4,127,-21.7,62.3,1.54,17.4,37.5,70.5,52.3,0.2,48.1,50.8,105.15,36.9,B. Hield , M. Brogdon , O. Brissett , T. Haliburton , I. Jackson
C. McCollum - R. Covington - J. Nurkic - A. Simons - N. Little,POR,8,78,108.8,86,22.8,56.5,1.35,16.4,26,80.2,55.4,0.2,54.1,57,97.86,63.8,C. McCollum , R. Covington , J. Nurkic , A. Simons , N. Little
J. Green - W. Barton - J. Green - A. Gordon - M. Morris,DEN,6,78,104.5,122.4,-17.9,56.3,2.12,16.3,32.3,76.6,50.3,0.1,46.8,49.4,95.25,37.6,J. Green , W. Barton , J. Green , A. Gordon , M. Morris
C. Paul - D. Booker - M. Bridges - C. Johnson - J. Smith,PHX,8,76,119.5,109.9,9.6,62.2,2.88,19.6,29.4,68.8,48.5,0.1,54.2,57.5,106.02,52.6,C. Paul , D. Booker , M. Bridges , C. Johnson , J. Smith
P. Beverley - D. Russell - K. Towns - A. Edwards - J. McDaniels,MIN,17,76,118.9,108.2,10.7,63.6,1.83,18.1,28,66.2,47.4,0.1,55.5,62,107.15,53.4,P. Beverley , D. Russell , K. Towns , A. Edwards , J. McDaniels
J. Crowder - C. Payne - M. Bridges - L. Shamet - D. Ayton,PHX,6,75,96.3,103.7,-7.4,67.7,2.33,19.3,14.8,68,39.3,0.1,48.6,50.4,104.68,41.1,J. Crowder , C. Payne , M. Bridges , L. Shamet , D. Ayton
L. James - R. Westbrook - S. Johnson - M. Monk - A. Reaves,LAL,10,75,118,108,10,58.9,2.53,19.5,22.2,70,48.8,0.1,55.9,60.4,103.85,57.8,L. James , R. Westbrook , S. Johnson , M. Monk , A. Reaves
R. Gay - M. Conley - R. Gobert - J. Clarkson - D. House Jr.,UTA,8,75,95.2,83.1,12,57.7,1.36,13.5,30.9,73.2,52.4,0.1,43.5,49,104.47,62.1,R. Gay , M. Conley , R. Gobert , J. Clarkson , D. House Jr.
B. Beal - K. Caldwell-Pope - R. Neto - K. Kuzma - D. Gafford,WAS,20,74,105.8,113.2,-7.4,56.3,1.71,17.1,29.2,61.3,44,0.1,53.8,56.5,101.86,45.6,B. Beal , K. Caldwell-Pope , R. Neto , K. Kuzma , D. Gafford
B. Bogdanovic - R. Gobert - J. Ingles - R. O'Neale - D. Mitchell,UTA,18,74,115,97.6,17.4,56.1,1.76,17.1,27.8,71.9,52.2,0.1,57.5,61,105.59,58.5,B. Bogdanovic , R. Gobert , J. Ingles , R. O'Neale , D. Mitchell
B. McLemore - R. Covington - J. Nurkic - A. Simons - N. Little,POR,6,74,126.2,98.7,27.5,66.7,2.59,20.9,25.4,71.1,50,0.1,61.4,63.8,97.61,61.2,B. McLemore , R. Covington , J. Nurkic , A. Simons , N. Little
E. Gordon - C. Wood - K. Porter Jr. - G. Mathews - J. Tate,HOU,7,74,122.5,100.6,21.9,68.6,2.09,21.5,22.4,74.1,50.7,0.1,63.9,65.6,103.84,60.1,E. Gordon , C. Wood , K. Porter Jr. , G. Mathews , J. Tate
J. Harden - D. Green - T. Harris - J. Embiid - T. Maxey,PHI,12,74,120,111,9,76.1,2.13,22.9,27.4,68.8,50.4,0.2,62.1,65.7,100.35,56.3,J. Harden , D. Green , T. Harris , J. Embiid , T. Maxey
K. Caldwell-Pope - R. Neto - K. Kuzma - D. Gafford - C. Kispert,WAS,12,74,120.5,129.5,-9,70,1.75,21.9,30.2,58.9,45.6,0.2,62,65.3,101.44,49.9,K. Caldwell-Pope , R. Neto , K. Kuzma , D. Gafford , C. Kispert
K. Caldwell-Pope - R. Neto - K. Kuzma - T. Bryant - C. Kispert,WAS,11,74,103.2,105.3,-2.1,56.5,1.4,16.8,25.4,83.3,55.4,0.2,53.9,57.7,100.15,52.8,K. Caldwell-Pope , R. Neto , K. Kuzma , T. Bryant , C. Kispert
L. Williams - D. Gallinari - C. Capela - D. Wright - C. Reddish,ATL,10,74,109.6,98.1,11.5,64.1,2.28,19,24,71.3,48.4,0.1,54.7,57.5,102.07,55.8,L. Williams , D. Gallinari , C. Capela , D. Wright , C. Reddish
M. Conley - H. Whiteside - B. Bogdanovic - R. O'Neale - D. Mitchell,UTA,15,74,130.7,113.1,17.6,54.3,1.81,17.7,38.5,84.8,61.8,0.1,62.3,66.7,98.92,56.7,M. Conley , H. Whiteside , B. Bogdanovic , R. O'Neale , D. Mitchell
P. Beverley - K. Towns - M. Beasley - A. Edwards - J. McDaniels,MIN,24,74,113.4,101.2,12.2,61.9,2.17,17.8,20.5,69.3,44.4,0.1,55.9,60.4,108.08,52.6,P. Beverley , K. Towns , M. Beasley , A. Edwards , J. McDaniels
D. Gallinari - B. Bogdanovic - D. Wright - K. Huerter - O. Okongwu,ATL,12,73,112.8,103.4,9.5,68.4,2.6,18.1,34.9,73.6,52.5,0.1,49.6,53.8,98.07,51.6,D. Gallinari , B. Bogdanovic , D. Wright , K. Huerter , O. Okongwu
H. Barnes - M. Harkless - R. Holmes - T. Haliburton - D. Mitchell,SAC,8,73,106,103.9,2,66.1,1.86,18.6,25.6,79.7,50,0.1,51.1,54.5,99.85,49.7,H. Barnes , M. Harkless , R. Holmes , T. Haliburton , D. Mitchell
J. Richardson - D. Murray - J. Poeltl - K. Johnson - D. Vassell,SAS,9,73,115.6,107.9,7.7,57.1,1.57,17.1,31.9,66.2,49.7,0.1,54.6,59.9,100.27,54.5,J. Richardson , D. Murray , J. Poeltl , K. Johnson , D. Vassell
K. Caldwell-Pope - R. Neto - K. Porzingis - K. Kuzma - C. Kispert,WAS,6,73,110.6,108.7,1.9,59,1.8,17.4,27.4,83.1,56,0.1,53.9,57.4,98.97,52.7,K. Caldwell-Pope , R. Neto , K. Porzingis , K. Kuzma , C. Kispert
R. Covington - L. Kennard - I. Hartenstein - A. Coffey - T. Mann,LAC,15,73,100,100.6,-0.6,64.4,1.23,17.7,33.3,74.1,56.8,0.2,53.3,58.3,102.77,57.2,R. Covington , L. Kennard , I. Hartenstein , A. Coffey , T. Mann
K. Oubre Jr. - T. Rozier - M. Bridges - P. Washington - L. Ball,CHA,19,72,111.5,103.6,7.9,63.1,2.73,17.2,29.7,77.3,49.7,0.1,49.3,55.7,114.27,52.2,K. Oubre Jr. , T. Rozier , M. Bridges , P. Washington , L. Ball
T. Lyles - H. Diallo - K. Hayes - S. Bey - C. Cunningham,DET,11,72,107.1,119.1,-12,66.7,2.1,19.4,23.5,71,45.3,0.1,52.2,54.4,103.4,42.7,T. Lyles , H. Diallo , K. Hayes , S. Bey , C. Cunningham
C. McCollum - T. Snell - L. Nance Jr. - A. Simons - N. Little,POR,10,71,110.9,102.1,8.7,58.9,1.94,16.7,34.6,79.7,54.9,0.1,52.7,55,93.47,49.8,C. McCollum , T. Snell , L. Nance Jr. , A. Simons , N. Little
N. Vucevic - Z. LaVine - T. Brown Jr. - C. White - A. Dosunmu,CHI,18,71,110.5,124.4,-13.9,51.5,1.62,17.2,18.6,83.6,51.7,0.1,60.2,63.5,104.45,43.8,N. Vucevic , Z. LaVine , T. Brown Jr. , C. White , A. Dosunmu
D. Murray - J. Poeltl - L. Walker IV - K. Johnson - D. Vassell,SAS,21,70,110.7,115.5,-4.8,59.7,2.64,18.5,21.9,70.1,48.2,0.1,57.9,60.9,101.83,52,D. Murray , J. Poeltl , L. Walker IV , K. Johnson , D. Vassell
G. Temple - J. Valanciunas - B. Ingram - D. Graham - H. Jones,NOP,11,70,104.2,110.1,-5.9,64.8,1.94,18,22.1,80,50.4,0.1,50.8,55.6,97.55,52.7,G. Temple , J. Valanciunas , B. Ingram , D. Graham , H. Jones
J. Holiday - M. Turner - K. Sykes - D. Sabonis - D. Washington Jr.,IND,5,70,104.1,110.9,-6.7,70.9,1.77,19.7,19.7,72.9,43.8,0.2,54.5,56.5,100.29,44,J. Holiday , M. Turner , K. Sykes , D. Sabonis , D. Washington Jr.
K. Lowry - P. Tucker - D. Dedmon - D. Robinson - G. Vincent,MIA,8,70,116.1,89.4,26.7,67.2,1.7,20.2,25.4,78.1,52.9,0.2,60.2,61.6,94.79,59.4,K. Lowry , P. Tucker , D. Dedmon , D. Robinson , G. Vincent
P. Tucker - J. Butler - D. Dedmon - D. Robinson - T. Herro,MIA,22,70,121.6,105.6,16,60,2,18,39.1,77.8,58.3,0.1,54.1,60.5,96.82,58.5,P. Tucker , J. Butler , D. Dedmon , D. Robinson , T. Herro
H. Barnes - M. Harkless - J. Holiday - D. Sabonis - D. Fox,SAC,5,69,111.4,127.7,-16.2,56.5,1.84,19,15.8,77.8,45.9,0.1,59.9,61.2,98.31,41.8,H. Barnes , M. Harkless , J. Holiday , D. Sabonis , D. Fox
H. Barnes - R. Holmes - D. Fox - C. Metu - T. Haliburton,SAC,7,69,98.6,105.5,-6.9,47.5,1.27,14.6,26.3,74.2,48.6,0.2,47.8,50.2,100.17,46.2,H. Barnes , R. Holmes , D. Fox , C. Metu , T. Haliburton
J. Crowder - D. Booker - M. Bridges - D. Ayton - C. Johnson,PHX,5,69,131.7,120.3,11.4,63.4,3.21,22.8,18.5,64.6,43.7,0.1,65.7,69,99.25,56.4,J. Crowder , D. Booker , M. Bridges , D. Ayton , C. Johnson
L. Markkanen - D. Garland - I. Okoro - L. Stevens - E. Mobley,CLE,7,69,120.6,108.5,12.1,66.2,4.27,23.7,16.4,78,46.7,0.1,60.8,62,98.34,53.7,L. Markkanen , D. Garland , I. Okoro , L. Stevens , E. Mobley
W. Barton - A. Gordon - N. Jokic - M. Morris - B. Hyland,DEN,12,69,125,113.1,11.9,66.2,3.07,20.7,24.3,72.2,48.6,0.1,58.4,62.2,102.21,54.6,W. Barton , A. Gordon , N. Jokic , M. Morris , B. Hyland
C. Anthony - R. Westbrook - A. Bradley - A. Davis - M. Monk,LAL,14,68,99.4,86.8,12.5,59.3,1.52,15.5,26,75.6,52.1,0.1,48.8,53.9,107.73,62.4,C. Anthony , R. Westbrook , A. Bradley , A. Davis , M. Monk
C. Paul - J. Crowder - F. Kaminsky - D. Booker - M. Bridges,PHX,7,68,127.1,102.1,25,62.2,3.83,23.4,13.2,68.4,45.7,0.1,66.7,68.5,101.8,62.1,C. Paul , J. Crowder , F. Kaminsky , D. Booker , M. Bridges
D. DeRozan - Z. LaVine - A. Caruso - L. Ball - T. Bradley,CHI,5,68,124.8,94.1,30.7,56.7,2.38,20,25,71.4,50,0.1,62.7,64.3,96.57,64.2,D. DeRozan , Z. LaVine , A. Caruso , L. Ball , T. Bradley
G. Harris - M. Bamba - W. Carter Jr. - F. Wagner - J. Suggs,ORL,8,68,102.7,100.7,2.1,54.4,1.82,16.4,17.6,84.8,53.7,0.1,52.8,55.6,103.53,50.1,G. Harris , M. Bamba , W. Carter Jr. , F. Wagner , J. Suggs
A. Drummond - G. Niang - F. Korkmaz - S. Milton - M. Thybulle,PHI,10,67,109.6,91,18.6,68.3,1.78,20.4,22.4,66.7,45.8,0.2,58.6,60.6,103.94,61.9,A. Drummond , G. Niang , F. Korkmaz , S. Milton , M. Thybulle
A. Horford - J. Brown - J. Tatum - D. White - G. Williams,BOS,8,67,133.3,119.4,13.9,65.2,3.07,22.5,20,66.2,46.1,0.1,65.2,69.6,99.44,58.5,A. Horford , J. Brown , J. Tatum , D. White , G. Williams
H. Barnes - R. Holmes - B. Hield - D. Fox - T. Haliburton,SAC,17,67,115.7,123.1,-7.4,58.5,1.55,15.2,30.3,62.9,47.1,0.1,52.6,61.1,106.55,50.6,H. Barnes , R. Holmes , B. Hield , D. Fox , T. Haliburton
L. Markkanen - J. Allen - C. Sexton - D. Garland - E. Mobley,CLE,6,67,95,94.3,0.7,67.3,1.42,18.7,28.6,64,46.9,0.2,50,51.8,101.1,52.2,L. Markkanen , J. Allen , C. Sexton , D. Garland , E. Mobley
M. Morris Sr. - R. Jackson - I. Zubac - L. Kennard - T. Mann,LAC,14,67,93.4,105.3,-11.9,45.3,1.71,13.3,26,76.9,51.6,0.1,45.3,46.8,96.05,44.3,M. Morris Sr. , R. Jackson , I. Zubac , L. Kennard , T. Mann
A. Burks - E. Fournier - R. Barrett - O. Toppin - J. Sims,NYK,7,66,105.2,111.3,-6.1,69.4,1.62,18.7,21.7,74.6,47.9,0.2,56.2,58.5,97.87,45.3,A. Burks , E. Fournier , R. Barrett , O. Toppin , J. Sims
B. Beal - R. Neto - M. Harrell - K. Kuzma - D. Avdija,WAS,17,66,101.4,102.1,-0.7,67.2,1.58,20.8,16.7,76,52.8,0.2,63.1,64.3,106.67,56.6,B. Beal , R. Neto , M. Harrell , K. Kuzma , D. Avdija
D. Schroder - M. Smart - J. Brown - J. Tatum - R. Williams III,BOS,11,66,105.6,99.3,6.3,57.7,1.88,15.5,28,73.2,50,0.1,48,52.8,102.97,56.8,D. Schroder , M. Smart , J. Brown , J. Tatum , R. Williams III
D. DeRozan - N. Vucevic - Z. LaVine - D. Jones Jr. - L. Ball,CHI,7,65,105.9,109,-3.1,59.6,3.44,17,20.3,77.3,46.2,0.1,46.5,51.2,99.72,46,D. DeRozan , N. Vucevic , Z. LaVine , D. Jones Jr. , L. Ball
J. Valanciunas - J. Hart - D. Graham - N. Alexander-Walker - H. Jones,NOP,15,65,129.7,110.6,19.1,70.3,4,23.9,31.8,78.8,55.3,0.1,61.4,63.4,105.6,59.4,J. Valanciunas , J. Hart , D. Graham , N. Alexander-Walker , H. Jones
M. Harrell - K. Oubre Jr. - T. Rozier - M. Bridges - C. Martin,CHA,19,65,118.6,119.5,-0.9,65.5,2.53,20.7,29.3,76.9,54.5,0.1,58.7,60.9,96.92,51.1,M. Harrell , K. Oubre Jr. , T. Rozier , M. Bridges , C. Martin
T. Ross - G. Harris - M. Wagner - C. Okeke - J. Suggs,ORL,12,65,101.4,112.7,-11.3,73.5,1.57,19.4,15.9,68.2,42.6,0.2,53.6,58,104.49,45,T. Ross , G. Harris , M. Wagner , C. Okeke , J. Suggs
A. Horford - D. Schroder - J. Brown - J. Tatum - R. Williams III,BOS,8,64,121.1,104.9,16.3,63.8,2.06,20.9,31.5,83.3,58.8,0.1,59,61.5,92.33,56.6,A. Horford , D. Schroder , J. Brown , J. Tatum , R. Williams III
C. Joseph - M. Bagley III - S. Bey - I. Stewart - C. Cunningham,DET,7,64,114.4,117.3,-2.9,62.5,2.19,19.9,25.4,75.4,50.8,0.1,54.8,57.5,95.09,47.8,C. Joseph , M. Bagley III , S. Bey , I. Stewart , C. Cunningham
C. LeVert - L. Markkanen - D. Garland - M. Brown - I. Okoro,CLE,5,64,111.8,130.2,-18.4,54.9,1.47,16.2,31,74.6,53.7,0.1,52.4,57.2,96.43,41.7,C. LeVert , L. Markkanen , D. Garland , M. Brown , I. Okoro
E. Bledsoe - L. Kennard - I. Hartenstein - T. Mann - B. Boston Jr.,LAC,12,64,108.5,116.7,-8.1,75,2.44,21,26.1,57.4,40.8,0.1,53.8,55.7,97.98,44,E. Bledsoe , L. Kennard , I. Hartenstein , T. Mann , B. Boston Jr.
J. Nurkic - J. Winslow - J. Hart - A. Simons - C. Elleby,POR,3,64,129,113.4,15.6,60,2.25,19.3,33.9,73.4,54,0.1,60.3,63.2,97.28,57.4,J. Nurkic , J. Winslow , J. Hart , A. Simons , C. Elleby
M. Frazier Jr. - J. Hoard - V. Krejci - Z. Simpson - B. Kalaitzakis,OKC,2,64,85.6,133.3,-47.7,47.8,1.38,12.6,25.3,72.4,44.7,0.1,39.6,42.4,99.49,23.3,M. Frazier Jr. , J. Hoard , V. Krejci , Z. Simpson , B. Kalaitzakis
A. Burks - E. Fournier - N. Noel - J. Randle - R. Barrett,NYK,13,63,99.3,119.5,-20.3,72.7,2.13,17.8,16.7,73.1,45.1,0.1,50,55.8,102.34,45,A. Burks , E. Fournier , N. Noel , J. Randle , R. Barrett
B. Lopez - J. Holiday - W. Matthews - K. Middleton - G. Antetokounmpo,MIL,7,63,110,105.8,4.2,59.6,1.48,16.5,25.4,89.2,58.9,0.1,53.5,58.5,105.08,53.2,B. Lopez , J. Holiday , W. Matthews , K. Middleton , G. Antetokounmpo
C. Paul - J. McGee - D. Booker - M. Bridges - C. Johnson,PHX,19,63,116.7,108,8.7,63.9,2.29,20.6,28.6,73.1,51.5,0.1,56.6,59.3,102.99,53.9,C. Paul , J. McGee , D. Booker , M. Bridges , C. Johnson
D. DeRozan - N. Vucevic - Z. LaVine - L. Ball - P. Williams,CHI,5,63,97.8,88.1,9.6,64.2,3.09,18.9,13.2,79.5,46.8,0.1,46.9,49.6,102.63,55.5,D. DeRozan , N. Vucevic , Z. LaVine , L. Ball , P. Williams
D. Green - T. Harris - S. Curry - J. Embiid - S. Milton,PHI,8,63,109.6,113.6,-4,45.1,1.64,15,13.7,68.9,46.4,0.1,58,61.7,95.92,51.6,D. Green , T. Harris , S. Curry , J. Embiid , S. Milton
J. Hart - D. Eubanks - C. Elleby - B. Williams - T. Watford,POR,5,63,99.3,110.2,-10.9,57.1,1.68,16.8,28.4,72.9,50,0.1,48.4,51.2,105.2,45.5,J. Hart , D. Eubanks , C. Elleby , B. Williams , T. Watford
T. Gibson - A. Burks - E. Fournier - J. Randle - R. Barrett,NYK,13,63,129.7,113.5,16.2,55.2,2.29,17.9,33.3,68.2,52,0.1,58.8,63.3,98.66,55.3,T. Gibson , A. Burks , E. Fournier , J. Randle , R. Barrett
T. Gibson - A. Burks - Q. Grimes - O. Toppin - I. Quickley,NYK,12,63,107,94,12.9,51.1,1.28,14.9,30.2,76.7,54.9,0.2,56.1,58.8,88.34,53.6,T. Gibson , A. Burks , Q. Grimes , O. Toppin , I. Quickley
D. DeRozan - N. Vucevic - Z. LaVine - C. White - A. Dosunmu,CHI,20,62,113.5,93.4,20.1,41.3,1.53,14.3,17.3,82.9,54.9,0.1,60.4,64.7,109.99,65.1,D. DeRozan , N. Vucevic , Z. LaVine , C. White , A. Dosunmu
G. Hayward - M. Plumlee - T. Rozier - M. Bridges - C. Martin,CHA,13,62,128.3,110,18.3,65,3,21.9,24.1,76.2,52.1,0.1,65.9,67.6,100.14,58,G. Hayward , M. Plumlee , T. Rozier , M. Bridges , C. Martin
J. Collins - K. Huerter - T. Young - D. Hunter - O. Okongwu,ATL,7,62,111.9,116.7,-4.8,72.5,2.18,20.4,29,63.2,46.9,0.1,53.1,57.3,97.06,51.5,J. Collins , K. Huerter , T. Young , D. Hunter , O. Okongwu
J. McGee - D. Booker - C. Payne - L. Shamet - C. Johnson,PHX,15,62,100.7,93.1,7.6,57.4,1.35,15.6,29.6,79.7,54.3,0.2,50.4,54.4,113.42,55.3,J. McGee , D. Booker , C. Payne , L. Shamet , C. Johnson
K. Lowry - P. Tucker - B. Adebayo - D. Robinson - T. Herro,MIA,7,62,110.1,99.2,10.9,52.8,1.4,15.6,32.9,70.1,51.1,0.2,49.6,53.7,99.07,54.5,K. Lowry , P. Tucker , B. Adebayo , D. Robinson , T. Herro
L. James - C. Anthony - R. Westbrook - M. Monk - A. Reaves,LAL,14,62,108.3,112.8,-4.4,62.1,1.8,18.8,19.7,67.7,43.5,0.1,57.9,60.4,109.84,46.6,L. James , C. Anthony , R. Westbrook , M. Monk , A. Reaves
P. Beverley - M. Beasley - J. Vanderbilt - N. Reid - A. Edwards,MIN,11,62,104.8,111.9,-7.1,58,1.71,16.6,29.2,72.7,48,0.1,50,52.1,97.78,45.6,P. Beverley , M. Beasley , J. Vanderbilt , N. Reid , A. Edwards
P. George - E. Bledsoe - M. Morris Sr. - R. Jackson - I. Zubac,LAC,6,62,108.4,115.8,-7.4,51,1.3,15,26.2,71,48.8,0.2,52.3,58,101.92,46.2,P. George , E. Bledsoe , M. Morris Sr. , R. Jackson , I. Zubac
A. Horford - M. Smart - J. Brown - J. Tatum - G. Williams,BOS,15,61,106.5,120.1,-13.7,76.5,2.05,20.9,15.8,81,48.7,0.1,57.5,62.5,106.61,48.1,A. Horford , M. Smart , J. Brown , J. Tatum , G. Williams
D. Lillard - R. Covington - J. Nurkic - N. Powell - A. Simons,POR,16,61,110.5,106.3,4.3,50.9,2.25,16.1,16.1,82.1,49.1,0.1,55.8,60.4,101.96,54,D. Lillard , R. Covington , J. Nurkic , N. Powell , A. Simons
H. Whiteside - B. Bogdanovic - R. O'Neale - D. Mitchell - T. Forrest,UTA,12,61,129.4,108,21.4,50.8,1.76,16.8,39,78.7,59.2,0.1,62.5,64.8,99.43,58.8,H. Whiteside , B. Bogdanovic , R. O'Neale , D. Mitchell , T. Forrest
J. Valanciunas - C. McCollum - B. Ingram - D. Graham - H. Jones,NOP,9,60,116.1,120.8,-4.7,61.1,2.54,20.1,22.8,66.2,46.4,0.1,56.4,58.6,95.96,47.6,J. Valanciunas , C. McCollum , B. Ingram , D. Graham , H. Jones
S. Adams - K. Anderson - D. Melton - J. Morant - D. Bane,MEM,20,60,99.2,124.4,-25.2,48.1,2.08,14.4,27.8,75.5,47.1,0.1,49.2,50.4,104.19,35.1,S. Adams , K. Anderson , D. Melton , J. Morant , D. Bane
A. Horford - M. Smart - J. Brown - J. Tatum - D. Theis,BOS,4,59,129.1,95.2,33.9,66.7,2.59,22.8,40,81.3,62.2,0.1,62.5,63.9,102.88,69,A. Horford , M. Smart , J. Brown , J. Tatum , D. Theis
C. Joseph - T. Lyles - F. Jackson - H. Diallo - S. Bey,DET,6,59,102.4,103.9,-1.6,61.9,1.44,15.8,19.4,77,46.9,0.1,50.5,54.8,102.87,48.2,C. Joseph , T. Lyles , F. Jackson , H. Diallo , S. Bey
D. Gallinari - C. Capela - B. Bogdanovic - K. Huerter - T. Young,ATL,16,59,109.8,119,-9.3,49,1.92,14.2,40.3,75.5,55.2,0.1,48.3,50.7,99.64,42.5,D. Gallinari , C. Capela , B. Bogdanovic , K. Huerter , T. Young
E. Gordon - G. Mathews - K. Martin Jr. - J. Christopher - A. Sengun,HOU,11,59,101.6,117.6,-16,59.6,1.75,16.5,29.7,71.4,49.2,0.1,52.9,53.8,98.99,42.2,E. Gordon , G. Mathews , K. Martin Jr. , J. Christopher , A. Sengun
G. Hill - K. Middleton - G. Antetokounmpo - B. Portis - G. Allen,MIL,15,59,113.8,94.4,19.4,53.8,1.47,16.4,23.6,73.1,50.8,0.1,54.8,60.6,103.4,62.9,G. Hill , K. Middleton , G. Antetokounmpo , B. Portis , G. Allen
G. Temple - W. Hernangomez - J. Hart - D. Graham - H. Jones,NOP,4,59,104,115,-11,55.1,1.93,15.5,28.9,79.6,50,0.1,45.9,49.7,103.06,42.3,G. Temple , W. Hernangomez , J. Hart , D. Graham , H. Jones
K. Durant - B. Griffin - J. Harden - P. Mills - B. Brown,BKN,7,59,110.9,98.4,12.4,78.3,2.77,20.8,12.7,73.1,43.8,0.1,51,58.3,105.52,59.8,K. Durant , B. Griffin , J. Harden , P. Mills , B. Brown
C. Wood - K. Porter Jr. - J. Green - J. Tate - A. Sengun,HOU,6,58,97.6,107.2,-9.6,65.1,1.17,16.7,21.9,80,50,0.2,50,53.4,103.21,44.2,C. Wood , K. Porter Jr. , J. Green , J. Tate , A. Sengun
G. Hill - K. Middleton - G. Antetokounmpo - P. Connaughton - G. Allen,MIL,11,58,104.7,118.1,-13.4,43.1,1.83,14,15.5,73.1,46.4,0.1,54.6,57.4,104.99,44.9,G. Hill , K. Middleton , G. Antetokounmpo , P. Connaughton , G. Allen
H. Barnes - A. Len - D. Fox - M. Bagley III - T. Haliburton,SAC,8,58,102.5,113.8,-11.3,44.4,2.5,12.3,29.9,67.2,46.4,0.1,41.2,46.5,96.87,44.2,H. Barnes , A. Len , D. Fox , M. Bagley III , T. Haliburton
S. Adams - K. Anderson - J. Jackson Jr. - J. Morant - D. Bane,MEM,9,58,113.4,132.5,-19.1,56,1.87,17.1,30.4,69.2,49.1,0.1,57.4,59.5,99.49,41.4,S. Adams , K. Anderson , J. Jackson Jr. , J. Morant , D. Bane
S. Curry - K. Thompson - A. Wiggins - K. Looney - J. Kuminga,GSW,5,58,105,111.5,-6.5,71.7,2.2,20.5,12.5,69.4,44.5,0.1,52.5,56.9,101.07,51,S. Curry , K. Thompson , A. Wiggins , K. Looney , J. Kuminga
A. Burks - E. Fournier - J. Randle - R. Barrett - J. Sims,NYK,14,57,99.2,93.7,5.5,55.8,1.71,14,31.1,81.5,52.3,0.1,45.1,49.3,105.04,47.7,A. Burks , E. Fournier , J. Randle , R. Barrett , J. Sims
D. Green - T. Harris - J. Embiid - M. Thybulle - T. Maxey,PHI,11,57,98.3,110,-11.7,56.4,2.44,15.1,7,76.4,41.1,0.1,47.3,54.4,101.33,46.2,D. Green , T. Harris , J. Embiid , M. Thybulle , T. Maxey
J. Holiday - K. Middleton - G. Antetokounmpo - B. Portis - P. Connaughton,MIL,15,57,120.6,104.9,15.8,60,1.36,17.3,32.7,76.6,56.9,0.2,62.2,65.7,104.89,58.4,J. Holiday , K. Middleton , G. Antetokounmpo , B. Portis , P. Connaughton
J. McGee - C. Payne - M. Bridges - L. Shamet - C. Johnson,PHX,12,57,100.8,106.1,-5.3,70,1.59,18.7,34.4,75.4,53.7,0.2,53.6,55.5,110.49,48,J. McGee , C. Payne , M. Bridges , L. Shamet , C. Johnson
K. Birch - P. Siakam - F. VanVleet - O. Anunoby - G. Trent Jr.,TOR,11,57,116.4,115.4,1,67.3,2.69,20.6,22.8,80,48,0.1,57.4,60.6,101.28,48.9,K. Birch , P. Siakam , F. VanVleet , O. Anunoby , G. Trent Jr.
R. Westbrook - A. Bradley - A. Davis - S. Johnson - M. Monk,LAL,8,57,100.9,119.8,-19,55.1,1.35,17.2,22,80.4,49.1,0.2,51.9,53.1,99.55,37.4,R. Westbrook , A. Bradley , A. Davis , S. Johnson , M. Monk
A. Burks - E. Fournier - M. Robinson - R. Barrett - O. Toppin,NYK,5,56,109.3,110.3,-1,54.5,1.41,14.5,35.4,78.2,55,0.1,50,54.5,100.94,49,A. Burks , E. Fournier , M. Robinson , R. Barrett , O. Toppin
H. Barnes - D. Jones - D. Fox - M. Bagley III - T. Haliburton,SAC,8,56,100,112,-12,64.3,1.59,17.1,28.3,73.7,50.4,0.1,47.5,51.4,99.57,44.1,H. Barnes , D. Jones , D. Fox , M. Bagley III , T. Haliburton
J. Holiday - K. Middleton - B. Portis - P. Connaughton - G. Allen,MIL,14,56,103.3,106.9,-3.6,52.3,1.21,14,33.3,75,52.7,0.2,54,56.5,100.88,47.6,J. Holiday , K. Middleton , B. Portis , P. Connaughton , G. Allen
J. Valanciunas - B. Ingram - J. Hart - D. Graham - N. Alexander-Walker,NOP,11,56,122.2,123.5,-1.3,57.1,2,17.5,32.7,80.9,55.6,0.1,56.5,61.7,99.15,47.5,J. Valanciunas , B. Ingram , J. Hart , D. Graham , N. Alexander-Walker
P. George - R. Jackson - I. Zubac - L. Kennard - T. Mann,LAC,15,56,107.5,103.4,4.1,50,1.67,16,24.1,70.6,50,0.1,56,59,101.41,56.3,P. George , R. Jackson , I. Zubac , L. Kennard , T. Mann
R. Bullock - T. Hardaway Jr. - D. Powell - D. Finney-Smith - L. Doncic,DAL,15,56,77,105.1,-28.1,48.5,0.89,11,24.3,64.8,41.9,0.2,39.4,41.2,98.67,24,R. Bullock , T. Hardaway Jr. , D. Powell , D. Finney-Smith , L. Doncic
S. Gilgeous-Alexander - D. Bazley - I. Roby - T. Mann - A. Wiggins,OKC,6,56,100.8,141,-40.1,44.4,0.95,13.1,27.8,75,50.9,0.2,52.1,56,103.75,30.3,S. Gilgeous-Alexander , D. Bazley , I. Roby , T. Mann , A. Wiggins
D. Rose - A. Burks - M. Robinson - O. Toppin - I. Quickley,NYK,14,55,124.6,105.1,19.4,56.9,1.81,18,40,66.1,54.8,0.1,61.8,66.3,101.07,63.4,D. Rose , A. Burks , M. Robinson , O. Toppin , I. Quickley
R. Lopez - G. Harris - C. Okeke - C. Anthony - F. Wagner,ORL,7,55,94.9,117.5,-22.7,64.3,1.93,16.6,27.1,80.9,48.7,0.1,44.5,47.3,100.34,37.7,R. Lopez , G. Harris , C. Okeke , C. Anthony , F. Wagner
W. Barton - J. Green - A. Gordon - N. Jokic - M. Morris,DEN,9,55,99.1,117,-17.8,71.1,1.78,20,26.4,76.4,51.9,0.2,52.1,54.6,99.77,43.9,W. Barton , J. Green , A. Gordon , N. Jokic , M. Morris
D. DeRozan - N. Vucevic - Z. LaVine - A. Caruso - J. Green,CHI,10,54,110.2,100.9,9.3,54.3,2.5,16.4,31.7,66.1,48.7,0.1,50.5,52.9,97.46,54.5,D. DeRozan , N. Vucevic , Z. LaVine , A. Caruso , J. Green
D. Gallinari - B. Bogdanovic - D. Wright - T. Young - O. Okongwu,ATL,18,54,123.6,101.6,22,42,1.62,13.8,18.2,69.8,46.4,0.1,64.4,70.3,110.27,61.3,D. Gallinari , B. Bogdanovic , D. Wright , T. Young , O. Okongwu
I. Smith - D. Gafford - D. Avdija - A. Gill - C. Kispert,WAS,6,54,106.3,129.4,-23.1,70.5,2.21,19.6,29.6,67.3,47.6,0.1,52.6,55.8,98.65,40.6,I. Smith , D. Gafford , D. Avdija , A. Gill , C. Kispert
N. Vucevic - Z. LaVine - D. Jones Jr. - L. Ball - A. Dosunmu,CHI,6,54,107.2,104.5,2.7,61.2,2.5,19.5,23.2,68.5,45.5,0.1,52.4,54.5,98.87,51.3,N. Vucevic , Z. LaVine , D. Jones Jr. , L. Ball , A. Dosunmu
A. Burks - J. Randle - M. Robinson - R. Barrett - I. Quickley,NYK,11,53,95.4,103.7,-8.3,52.8,1.46,13.1,28.8,78.4,51.8,0.1,48.3,51.5,98.14,43,A. Burks , J. Randle , M. Robinson , R. Barrett , I. Quickley
A. Horford - D. Schroder - J. Richardson - J. Tatum - G. Williams,BOS,15,53,101,100.9,0,76.2,1.6,20.8,35.2,64.6,49,0.2,51.6,53.5,95.86,48.3,A. Horford , D. Schroder , J. Richardson , J. Tatum , G. Williams
C. Anthony - R. Westbrook - A. Bradley - A. Davis - T. Horton-Tucker,LAL,7,53,111.2,100,11.2,58.5,2.07,19.4,24.1,77.2,51.4,0.1,57.1,57.7,103.28,56.6,C. Anthony , R. Westbrook , A. Bradley , A. Davis , T. Horton-Tucker
D. Favors - S. Gilgeous-Alexander - L. Dort - J. Robinson-Earl - J. Giddey,OKC,4,53,98.1,99,-1,59.5,2.5,16.4,33.3,73.3,52.4,0.1,43.1,45.6,95.41,49,D. Favors , S. Gilgeous-Alexander , L. Dort , J. Robinson-Earl , J. Giddey
D. Lillard - J. Nurkic - N. Powell - L. Nance Jr. - N. Little,POR,5,53,110,114.3,-4.3,56.8,1.19,17.2,21.7,78.6,52.9,0.2,59.7,62.2,100.18,45.5,D. Lillard , J. Nurkic , N. Powell , L. Nance Jr. , N. Little
E. Gordon - C. Wood - G. Mathews - J. Green - J. Tate,HOU,8,53,104.3,129.9,-25.6,61,1.67,16.4,20.4,73.8,43.8,0.1,52.2,56.3,105.89,37.1,E. Gordon , C. Wood , G. Mathews , J. Green , J. Tate
I. Smith - R. Hachimura - D. Gafford - D. Avdija - C. Kispert,WAS,13,53,97.5,114.2,-16.6,62,1.94,18.6,26.3,87.8,54.7,0.1,51.4,52.5,105.26,43.1,I. Smith , R. Hachimura , D. Gafford , D. Avdija , C. Kispert
J. Holiday - K. Middleton - G. Antetokounmpo - P. Connaughton - G. Allen,MIL,18,53,117.5,106.9,10.6,62.7,2,18.8,26,75.9,52.8,0.1,60.3,65.3,108.57,59.9,J. Holiday , K. Middleton , G. Antetokounmpo , P. Connaughton , G. Allen
K. Caldwell-Pope - S. Dinwiddie - K. Kuzma - A. Holiday - D. Gafford,WAS,5,53,102.8,107.2,-4.4,60,2.25,19,16.7,69.2,45.4,0.1,52,53.4,97.59,45.8,K. Caldwell-Pope , S. Dinwiddie , K. Kuzma , A. Holiday , D. Gafford
K. Lowry - P. Tucker - J. Butler - B. Adebayo - M. Strus,MIA,8,53,131.5,121.7,9.8,67.9,2.38,24.2,27.5,82.6,57,0.1,69.3,70.4,96.67,55.1,K. Lowry , P. Tucker , J. Butler , B. Adebayo , M. Strus
K. Thompson - D. Green - A. Wiggins - K. Looney - J. Poole,GSW,5,53,97.3,130.4,-33.1,76.7,1.74,21.3,22.2,75,49.1,0.2,51,52.8,100.72,36.2,K. Thompson , D. Green , A. Wiggins , K. Looney , J. Poole
T. Thompson - H. Barnes - B. Hield - C. Metu - T. Haliburton,SAC,4,53,101.9,118.7,-16.8,58.3,1.31,14.4,30.6,63.8,45,0.1,47.4,51.6,96.24,37.1,T. Thompson , H. Barnes , B. Hield , C. Metu , T. Haliburton
D. Russell - M. Beasley - T. Prince - N. Reid - J. McDaniels,MIN,13,52,89.4,102.6,-13.3,62.9,1.47,15.5,12.3,56.7,35,0.1,46.1,50.9,105.53,42,D. Russell , M. Beasley , T. Prince , N. Reid , J. McDaniels
J. Harden - T. Harris - J. Embiid - G. Niang - T. Maxey,PHI,15,52,110.8,110.5,0.3,60,1.62,14.3,30,75.5,52.5,0.1,49.4,58.8,100.38,50.7,J. Harden , T. Harris , J. Embiid , G. Niang , T. Maxey
J. Tatum - D. White - D. Theis - G. Williams - P. Pritchard,BOS,11,52,118.7,109.7,9,78,1.6,21.5,27,71.7,53.3,0.2,69.1,72.3,96.09,58.5,J. Tatum , D. White , D. Theis , G. Williams , P. Pritchard
K. Hayes - S. Bey - I. Stewart - I. Livers - C. Cunningham,DET,4,52,81.5,128.4,-47,74.2,1.44,15.8,23.8,83.3,49.5,0.1,36.7,43,100.9,28.1,K. Hayes , S. Bey , I. Stewart , I. Livers , C. Cunningham
K. Lowry - J. Butler - C. Martin - T. Herro - O. Yurtseven,MIA,3,52,121.6,108.9,12.7,58.3,2.33,18.3,41.1,67.9,54.1,0.1,52.4,55.8,93.67,57.8,K. Lowry , J. Butler , C. Martin , T. Herro , O. Yurtseven
M. Conley - B. Bogdanovic - R. O'Neale - D. Mitchell - U. Azubuike,UTA,5,52,99.1,98.1,1,64.3,2.7,18.5,15.8,75,47.1,0.1,50,52.3,100.77,54.1,M. Conley , B. Bogdanovic , R. O'Neale , D. Mitchell , U. Azubuike
C. McCollum - C. Zeller - L. Nance Jr. - A. Simons - N. Little,POR,16,51,98.1,101.8,-3.6,42.1,1.14,11.3,35,69.8,51.3,0.1,46.9,49.7,102.99,43.7,C. McCollum , C. Zeller , L. Nance Jr. , A. Simons , N. Little
D. Booker - C. Payne - T. Craig - M. Bridges - D. Ayton,PHX,6,51,134.5,96.4,38.2,58.9,3.67,20.9,34.1,78.6,59,0.1,63.6,66.7,103.37,67.9,D. Booker , C. Payne , T. Craig , M. Bridges , D. Ayton
D. Schroder - G. Mathews - K. Martin Jr. - J. Christopher - A. Sengun,HOU,8,51,93.6,112.5,-18.9,55,1,14.6,33.9,68,49.5,0.2,45.9,49,103.91,37.7,D. Schroder , G. Mathews , K. Martin Jr. , J. Christopher , A. Sengun
E. Bledsoe - M. Morris Sr. - I. Zubac - L. Kennard - T. Mann,LAC,5,51,120.6,128.9,-8.2,55,1.57,15.8,38.5,68.2,52.1,0.1,53.3,57.6,90.75,38.9,E. Bledsoe , M. Morris Sr. , I. Zubac , L. Kennard , T. Mann
K. Lowry - P. Tucker - J. Butler - B. Adebayo - T. Herro,MIA,14,51,93.9,101.8,-7.9,38.7,0.44,8.6,29.4,77.1,52.5,0.2,42.9,54,106.58,42.8,K. Lowry , P. Tucker , J. Butler , B. Adebayo , T. Herro
P. Siakam - C. Boucher - G. Trent Jr. - P. Achiuwa - S. Barnes,TOR,13,51,114,93.6,20.4,53.7,1.69,14.1,42.9,74,56.6,0.1,47.9,52.1,101.8,59.5,P. Siakam , C. Boucher , G. Trent Jr. , P. Achiuwa , S. Barnes
S. Curry - D. Green - O. Porter Jr. - A. Wiggins - J. Poole,GSW,13,51,105.2,90.8,14.4,62.5,1.19,16.8,17.3,73.9,43.9,0.2,56.8,60.8,111.66,52.8,S. Curry , D. Green , O. Porter Jr. , A. Wiggins , J. Poole
S. Curry - K. Thompson - A. Wiggins - K. Looney - M. Moody,GSW,7,51,104.7,107.4,-2.7,75.6,2,22.5,21.6,78,51.8,0.2,55.8,56.6,101.66,46.2,S. Curry , K. Thompson , A. Wiggins , K. Looney , M. Moody
T. Thompson - H. Barnes - B. Hield - D. Fox - D. Mitchell,SAC,16,51,105.3,135.8,-30.5,48.7,1,13.5,20,57.4,39.1,0.2,57.6,62.2,103.66,36.2,T. Thompson , H. Barnes , B. Hield , D. Fox , D. Mitchell
D. DeRozan - N. Vucevic - C. White - J. Green - A. Dosunmu,CHI,7,50,101.9,106.3,-4.4,44.2,1.19,13.9,22.4,80.4,52,0.1,51.6,55,103.83,45,D. DeRozan , N. Vucevic , C. White , J. Green , A. Dosunmu
D. Murray - J. Poeltl - K. Bates-Diop - L. Walker IV - J. Primo,SAS,6,50,95.3,117.9,-22.6,70,2.8,18.9,22,75,44.7,0.1,47.4,49.2,101.6,41.1,D. Murray , J. Poeltl , K. Bates-Diop , L. Walker IV , J. Primo
J. Holiday - G. Antetokounmpo - B. Portis - P. Connaughton - G. Allen,MIL,18,50,103.4,111.4,-8,60.9,2.15,17.6,21.4,78.7,51.3,0.1,55.7,57.6,112.66,50.9,J. Holiday , G. Antetokounmpo , B. Portis , P. Connaughton , G. Allen
K. Birch - P. Siakam - G. Trent Jr. - M. Flynn - S. Barnes,TOR,6,50,123.2,128.7,-5.5,53.3,4.8,16.6,36.7,64.9,47.4,0.1,49.5,53.2,96.44,43.7,K. Birch , P. Siakam , G. Trent Jr. , M. Flynn , S. Barnes
K. Caldwell-Pope - R. Neto - K. Kuzma - D. Gafford - D. Avdija,WAS,14,50,88,114.5,-26.6,60,1.4,15.2,17.5,63.3,38.7,0.1,46.5,49.9,104.01,33.1,K. Caldwell-Pope , R. Neto , K. Kuzma , D. Gafford , D. Avdija
P. Beverley - K. Towns - J. Vanderbilt - A. Edwards - J. McDaniels,MIN,14,50,111.3,97.2,14.2,66.7,3.33,20.3,26,84.3,55.4,0.1,56.5,58.5,100.95,62.7,P. Beverley , K. Towns , J. Vanderbilt , A. Edwards , J. McDaniels
T. Hardaway Jr. - K. Porzingis - D. Finney-Smith - J. Brunson - L. Doncic,DAL,14,50,92.5,109.6,-17.1,63.2,2,16.4,28.1,65,47,0.1,46.7,49.3,101.72,41.6,T. Hardaway Jr. , K. Porzingis , D. Finney-Smith , J. Brunson , L. Doncic
T. Harris - S. Curry - J. Embiid - F. Korkmaz - T. Maxey,PHI,13,50,133.7,116.8,16.8,57.4,3.38,19.9,19.5,80,51.2,0.1,63.2,68,97.29,56,T. Harris , S. Curry , J. Embiid , F. Korkmaz , T. Maxey
T. Ross - G. Harris - M. Bamba - C. Okeke - J. Suggs,ORL,13,50,83.6,99.1,-15.5,55.3,1.5,14.1,27.3,65,45.2,0.1,39.7,42.7,104.66,40.5,T. Ross , G. Harris , M. Bamba , C. Okeke , J. Suggs
